{"stats":{"minecraft:picked_up":{"minecraft:crafting_table":1,"minecraft:mangrove_roots":2,"minecraft:mangrove_log":9,"minecraft:moss_carpet":2},"minecraft:mined":{"minecraft:mangrove_log":10,"minecraft:mangrove_roots":2,"minecraft:moss_carpet":1,"minecraft:mangrove_leaves":8,"minecraft:crafting_table":1},"minecraft:custom":{"minecraft:time_since_rest":4536,"minecraft:crouch_one_cm":118,"minecraft:sprint_one_cm":13,"minecraft:play_time":4536,"minecraft:walk_one_cm":2139,"minecraft:sneak_time":122,"minecraft:walk_under_water_one_cm":990,"minecraft:jump":8,"minecraft:leave_game":5,"minecraft:walk_on_water_one_cm":103,"minecraft:time_since_death":4536,"minecraft:total_world_time":4536,"minecraft:interact_with_crafting_table":1},"minecraft:used":{"minecraft:moss_carpet":2,"minecraft:mangrove_roots":2,"minecraft:crafting_table":1},"minecraft:crafted":{"minecraft:mangrove_planks":32,"minecraft:crafting_table":1}},"DataVersion":3955}