{"stats":{"minecraft:killed":{"minecraft:zombie":2},"minecraft:custom":{"minecraft:time_since_rest":10797,"minecraft:damage_taken":100,"minecraft:crouch_one_cm":1414,"minecraft:play_time":10797,"minecraft:sprint_one_cm":9570,"minecraft:walk_one_cm":7931,"minecraft:sneak_time":1002,"minecraft:mob_kills":2,"minecraft:jump":72,"minecraft:damage_dealt":399,"minecraft:leave_game":6,"minecraft:time_since_death":10797,"minecraft:total_world_time":10797,"minecraft:interact_with_crafting_table":8,"minecraft:fall_one_cm":1523,"minecraft:fly_one_cm":12306},"minecraft:picked_up":{"minecraft:oak_log":17,"minecraft:poppy":2,"minecraft:oak_sapling":3,"minecraft:dirt":9,"minecraft:cobblestone":4},"minecraft:used":{"minecraft:wooden_axe":24,"minecraft:dirt":4,"minecraft:crafting_table":1,"minecraft:oak_sapling":3,"minecraft:poppy":2,"minecraft:wooden_pickaxe":5},"minecraft:crafted":{"minecraft:wooden_sword":1,"minecraft:oak_planks":20,"minecraft:crafting_table":1,"minecraft:stick":8,"minecraft:wooden_pickaxe":1,"minecraft:stone_pickaxe":1,"minecraft:wooden_axe":1},"minecraft:mined":{"minecraft:short_grass":2,"minecraft:grass_block":8,"minecraft:oak_log":17,"minecraft:poppy":1,"minecraft:dirt":1,"minecraft:stone":4,"minecraft:oak_leaves":2}},"DataVersion":3955}