{"stats":{"minecraft:mined":{"minecraft:mangrove_log":10,"minecraft:mangrove_roots":2,"minecraft:moss_carpet":1,"minecraft:mangrove_leaves":8,"minecraft:crafting_table":1},"minecraft:custom":{"minecraft:time_since_rest":3720,"minecraft:crouch_one_cm":114,"minecraft:sprint_one_cm":13,"minecraft:play_time":3720,"minecraft:walk_one_cm":1684,"minecraft:sneak_time":119,"minecraft:walk_under_water_one_cm":990,"minecraft:jump":8,"minecraft:leave_game":3,"minecraft:walk_on_water_one_cm":103,"minecraft:time_since_death":3720,"minecraft:total_world_time":3720,"minecraft:interact_with_crafting_table":1},"minecraft:used":{"minecraft:moss_carpet":2,"minecraft:mangrove_roots":2,"minecraft:crafting_table":1},"minecraft:picked_up":{"minecraft:crafting_table":1,"minecraft:mangrove_roots":2,"minecraft:mangrove_log":9,"minecraft:moss_carpet":2},"minecraft:crafted":{"minecraft:mangrove_planks":32,"minecraft:crafting_table":1}},"DataVersion":3955}