{"stats":{"minecraft:used":{"minecraft:wooden_axe":19,"minecraft:dirt":4,"minecraft:crafting_table":1,"minecraft:oak_sapling":3,"minecraft:poppy":1,"minecraft:wooden_pickaxe":5},"minecraft:custom":{"minecraft:time_since_rest":8541,"minecraft:crouch_one_cm":968,"minecraft:sprint_one_cm":7965,"minecraft:play_time":8541,"minecraft:damage_taken":100,"minecraft:walk_one_cm":7385,"minecraft:sneak_time":851,"minecraft:mob_kills":2,"minecraft:jump":62,"minecraft:damage_dealt":399,"minecraft:leave_game":5,"minecraft:time_since_death":8541,"minecraft:total_world_time":8541,"minecraft:interact_with_crafting_table":6,"minecraft:fall_one_cm":836,"minecraft:fly_one_cm":9706},"minecraft:picked_up":{"minecraft:oak_log":12,"minecraft:poppy":2,"minecraft:oak_sapling":3,"minecraft:cobblestone":4,"minecraft:dirt":5},"minecraft:killed":{"minecraft:zombie":2},"minecraft:mined":{"minecraft:short_grass":2,"minecraft:poppy":1,"minecraft:grass_block":4,"minecraft:oak_log":12,"minecraft:dirt":1,"minecraft:stone":4,"minecraft:oak_leaves":2},"minecraft:crafted":{"minecraft:oak_planks":20,"minecraft:crafting_table":1,"minecraft:stick":8,"minecraft:wooden_pickaxe":1,"minecraft:stone_pickaxe":1,"minecraft:wooden_axe":1}},"DataVersion":3955}