{"stats":{"minecraft:picked_up":{"minecraft:oak_log":5,"minecraft:oak_sapling":1,"minecraft:dirt":1},"minecraft:used":{"minecraft:crafting_table":1},"minecraft:mined":{"minecraft:grass_block":1,"minecraft:oak_log":5,"minecraft:oak_leaves":2},"minecraft:custom":{"minecraft:jump":3,"minecraft:time_since_rest":1095,"minecraft:leave_game":1,"minecraft:crouch_one_cm":26,"minecraft:play_time":1095,"minecraft:time_since_death":1095,"minecraft:walk_one_cm":725,"minecraft:sneak_time":61,"minecraft:total_world_time":1095,"minecraft:interact_with_crafting_table":2},"minecraft:crafted":{"minecraft:crafting_table":1,"minecraft:oak_planks":20,"minecraft:stick":4,"minecraft:wooden_pickaxe":1}},"DataVersion":3955}