{"stats":{"minecraft:custom":{"minecraft:jump":8,"minecraft:time_since_rest":2029,"minecraft:play_time":2029,"minecraft:crouch_one_cm":26,"minecraft:leave_game":2,"minecraft:time_since_death":2029,"minecraft:walk_one_cm":2063,"minecraft:sneak_time":61,"minecraft:total_world_time":2029,"minecraft:interact_with_crafting_table":3},"minecraft:crafted":{"minecraft:crafting_table":1,"minecraft:oak_planks":20,"minecraft:stick":4,"minecraft:wooden_pickaxe":1},"minecraft:picked_up":{"minecraft:oak_log":5,"minecraft:oak_sapling":1,"minecraft:dirt":2},"minecraft:mined":{"minecraft:grass_block":2,"minecraft:oak_log":5,"minecraft:oak_leaves":2},"minecraft:used":{"minecraft:crafting_table":1}},"DataVersion":3955}