{"stats":{"minecraft:killed":{"minecraft:spider":1,"minecraft:skeleton":1,"minecraft:zombie":2,"minecraft:cow":1},"minecraft:used":{"minecraft:wooden_sword":25,"minecraft:crafting_table":2},"minecraft:custom":{"minecraft:time_since_rest":477,"minecraft:crouch_one_cm":548,"minecraft:play_time":4780,"minecraft:sprint_one_cm":9186,"minecraft:walk_one_cm":20491,"minecraft:damage_taken":865,"minecraft:deaths":3,"minecraft:sneak_time":188,"minecraft:mob_kills":5,"minecraft:jump":83,"minecraft:damage_dealt":1081,"minecraft:leave_game":1,"minecraft:time_since_death":404,"minecraft:total_world_time":4780,"minecraft:interact_with_crafting_table":2,"minecraft:fall_one_cm":1929,"minecraft:fly_one_cm":8634},"minecraft:killed_by":{"minecraft:zombie":3},"minecraft:crafted":{"minecraft:wooden_sword":1,"minecraft:birch_planks":12,"minecraft:crafting_table":2,"minecraft:stick":4},"minecraft:picked_up":{"minecraft:wooden_sword":1,"minecraft:birch_log":6,"minecraft:stick":3,"minecraft:bone":2,"minecraft:arrow":4,"minecraft:rotten_flesh":4,"minecraft:leather":2,"minecraft:string":4},"minecraft:mined":{"minecraft:birch_log":6,"minecraft:birch_leaves":2}},"DataVersion":3955}