{"stats":{"minecraft:crafted":{"minecraft:mangrove_planks":48,"minecraft:crafting_table":1},"minecraft:picked_up":{"minecraft:stick":2,"minecraft:crafting_table":1,"minecraft:mangrove_roots":6,"minecraft:glowstone_dust":1,"minecraft:spider_eye":1,"minecraft:mangrove_log":13,"minecraft:string":1,"minecraft:moss_carpet":5},"minecraft:mined":{"minecraft:dead_bush":2,"minecraft:mangrove_log":14,"minecraft:mangrove_roots":6,"minecraft:moss_carpet":4,"minecraft:mangrove_leaves":9,"minecraft:crafting_table":1},"minecraft:killed":{"minecraft:spider":1,"minecraft:witch":1},"minecraft:used":{"minecraft:stone_axe":11,"minecraft:moss_carpet":5,"minecraft:mangrove_log":1,"minecraft:mangrove_roots":6,"minecraft:crafting_table":1,"minecraft:mangrove_planks":23},"minecraft:custom":{"minecraft:open_barrel":1,"minecraft:open_chest":6,"minecraft:time_since_rest":1329,"minecraft:crouch_one_cm":337,"minecraft:sprint_one_cm":17627,"minecraft:play_time":13949,"minecraft:damage_taken":200,"minecraft:walk_one_cm":12895,"minecraft:sneak_time":222,"minecraft:walk_under_water_one_cm":2466,"minecraft:mob_kills":2,"minecraft:jump":242,"minecraft:damage_dealt":466,"minecraft:leave_game":6,"minecraft:walk_on_water_one_cm":2756,"minecraft:time_since_death":13949,"minecraft:sleep_in_bed":1,"minecraft:climb_one_cm":844,"minecraft:total_world_time":13949,"minecraft:swim_one_cm":10563,"minecraft:fall_one_cm":6676,"minecraft:fly_one_cm":40567,"minecraft:interact_with_crafting_table":2}},"DataVersion":3955}