{
  "minecraft:recipes/decorations/crafting_table": {
    "criteria": {
      "unlock_right_away": "2024-10-13 03:23:32 +0000"
    },
    "done": true
  },
  "senti:register": {
    "criteria": {
      "requirement": "2024-10-13 03:23:32 +0000"
    },
    "done": true
  },
  "backpacks:tree/root": {
    "criteria": {
      "requirement": "2024-10-13 03:23:32 +0000"
    },
    "done": true
  },
  "minecraft:adventure/adventuring_time": {
    "criteria": {
      "minecraft:mangrove_swamp": "2024-10-13 03:23:34 +0000"
    },
    "done": false
  },
  "senti:tick": {
    "criteria": {
      "requirement": "2024-10-13 03:23:32 +0000"
    },
    "done": true
  },
  "DataVersion": 3955
}